player,examples,wrong_rate,roc_auc,high_risk_10_wrong_rate,enrichment,model_sha256,platt_intercept,platt_slope
00,7947,0.3548508871272178,0.686248231100266,0.6528301886792452,1.839731031714171,c5c635ccd3dfa20882cd46ab704e40da46ffa59f4a7d8e351bd8f7044a4f5c79,-0.6276493554402397,0.8061559894872254
01,8560,0.40607476635514017,0.7379677346923809,0.7067757009345794,1.740506329113924,54087b88f9633462bc2756bdeddfcdb705deb7c8deea9ff9303d5a963d40a90a,-0.7050180583612823,0.7489036222405345
02,5671,0.368718039146535,0.755605361097975,0.6919014084507042,1.8765054458746742,091d5b3980e1753803066dabf760bf73fab4123257c06063dff6fb8db1a3aaa4,-0.5844684975194641,0.7428094584589944
03,7053,0.276478094427903,0.7347666782234683,0.49575070821529743,1.7930921769448682,517dd61e4fe4607338746c9a373980a67d4d5ca17bc492f5a899a7225a2d1995,-0.5723660318826356,0.7508409298279112
04,6728,0.3084126040428062,0.7194389420997983,0.5884101040118871,1.907866592670832,7cbf14ff21c3c0bdf7453926e054eff1ecc2e81a62bb3f597f4cdc5fd190433d,-0.5287548510906334,0.7013736999646724
