{
  "automatic_guardrails_pass": false,
  "cache_stats": [
    {
      "cache_bytes": 267824247,
      "checkpoint": "guitar_gaps",
      "inference_wall_s": 8394.244926500001,
      "new_tracks": 0,
      "source_duration_s": 9140.363492079996,
      "tracks": 300
    },
    {
      "cache_bytes": 323917259,
      "checkpoint": "guitar_fl",
      "inference_wall_s": 8441.6919216,
      "new_tracks": 0,
      "source_duration_s": 9140.363492079996,
      "tracks": 300
    }
  ],
  "command": [
    "C:\\Users\\patri\\Documents\\Projects\\tab_vision\\tabvision\\scripts\\eval\\string_assignment_phase3.py"
  ],
  "condition_rows": [
    {
      "ambiguous_top1": 0.6659263619822327,
      "ambiguous_top3": 0.9998394519961469,
      "ci_lower": 0.0,
      "ci_upper": 0.0,
      "comp_tab_f1": 0.5701653134149596,
      "condition": "baseline",
      "delta": 0.0,
      "macro_tab_f1": 0.5580912326237556,
      "micro_tab_f1": 0.5577408929269433,
      "onset_f1": 0.8837832840137261,
      "pitch_f1": 0.8476456243214435,
      "player_00_delta": 0.0,
      "player_01_delta": 0.0,
      "player_02_delta": 0.0,
      "player_03_delta": 0.0,
      "player_04_delta": 0.0,
      "same_pitch_total": 37372,
      "same_pitch_wrong": 12485,
      "same_pitch_wrong_rate": 0.3340736380177673,
      "solo_tab_f1": 0.5460171518325516,
      "worst_player_delta": 0.0
    },
    {
      "ambiguous_top1": 0.6659263619822327,
      "ambiguous_top3": 0.9998394519961469,
      "ci_lower": 0.0,
      "ci_upper": 0.0,
      "comp_tab_f1": 0.5701653134149596,
      "condition": "gaps",
      "delta": 0.0,
      "macro_tab_f1": 0.5580912326237556,
      "micro_tab_f1": 0.5577408929269433,
      "onset_f1": 0.8837832840137261,
      "pitch_f1": 0.8476456243214435,
      "player_00_delta": 0.0,
      "player_01_delta": 0.0,
      "player_02_delta": 0.0,
      "player_03_delta": 0.0,
      "player_04_delta": 0.0,
      "same_pitch_total": 37372,
      "same_pitch_wrong": 12485,
      "same_pitch_wrong_rate": 0.3340736380177673,
      "solo_tab_f1": 0.5460171518325516,
      "worst_player_delta": 0.0
    },
    {
      "ambiguous_top1": 0.6956591824985607,
      "ambiguous_top3": 0.9998848589522165,
      "ci_lower": 0.03483091622997639,
      "ci_upper": 0.04886297428806186,
      "comp_tab_f1": 0.6460505678112908,
      "condition": "fl",
      "delta": 0.04186302139080067,
      "macro_tab_f1": 0.5999542540145563,
      "micro_tab_f1": 0.6241902029403971,
      "onset_f1": 0.9150443117716939,
      "pitch_f1": 0.8912693312678225,
      "player_00_delta": 0.05049082655227745,
      "player_01_delta": 0.04127132491712387,
      "player_02_delta": 0.06587411787589884,
      "player_03_delta": 0.027131605496661045,
      "player_04_delta": 0.02454723211204216,
      "same_pitch_total": 43425,
      "same_pitch_wrong": 13216,
      "same_pitch_wrong_rate": 0.30434081750143926,
      "solo_tab_f1": 0.5538579402178219,
      "worst_player_delta": 0.02454723211204216
    },
    {
      "ambiguous_top1": 0.6913566217414032,
      "ambiguous_top3": 0.9998409054751244,
      "ci_lower": 0.017930853624644538,
      "ci_upper": 0.029758005263607834,
      "comp_tab_f1": 0.6180166785715102,
      "condition": "union",
      "delta": 0.02381327153353454,
      "macro_tab_f1": 0.5819045041572901,
      "micro_tab_f1": 0.6008649602824361,
      "onset_f1": 0.8973908067701751,
      "pitch_f1": 0.8713195761823755,
      "player_00_delta": 0.037564364426548966,
      "player_01_delta": 0.019419976059161213,
      "player_02_delta": 0.043714851565450956,
      "player_03_delta": 0.010256645149032044,
      "player_04_delta": 0.008110520467479534,
      "same_pitch_total": 43999,
      "same_pitch_wrong": 13580,
      "same_pitch_wrong_rate": 0.3086433782585968,
      "solo_tab_f1": 0.5457923297430701,
      "worst_player_delta": 0.008110520467479534
    },
    {
      "ambiguous_top1": 0.6649116000665077,
      "ambiguous_top3": 0.999889153688411,
      "ci_lower": 0.012252999462136349,
      "ci_upper": 0.018851676125017328,
      "comp_tab_f1": 0.5935139260941545,
      "condition": "intersection",
      "delta": 0.015555334034944688,
      "macro_tab_f1": 0.5736465666587003,
      "micro_tab_f1": 0.575619686265118,
      "onset_f1": 0.8914663480938917,
      "pitch_f1": 0.868775377765435,
      "player_00_delta": 0.009733588801135526,
      "player_01_delta": 0.023914466056694155,
      "player_02_delta": 0.018006545599149062,
      "player_03_delta": 0.014499748902579223,
      "player_04_delta": 0.01162232081516547,
      "same_pitch_total": 36086,
      "same_pitch_wrong": 12092,
      "same_pitch_wrong_rate": 0.3350883999334922,
      "solo_tab_f1": 0.553779207223246,
      "worst_player_delta": 0.009733588801135526
    },
    {
      "ambiguous_top1": 0.6887104506232024,
      "ambiguous_top3": 0.9999041227229146,
      "ci_lower": 0.03762979907418646,
      "ci_upper": 0.04969008831870535,
      "comp_tab_f1": 0.645763533350749,
      "condition": "confidence_winner",
      "delta": 0.043633485519034385,
      "macro_tab_f1": 0.60172471814279,
      "micro_tab_f1": 0.6228200545574264,
      "onset_f1": 0.918699274842221,
      "pitch_f1": 0.8955727483485472,
      "player_00_delta": 0.05230649315990744,
      "player_01_delta": 0.04470885218279615,
      "player_02_delta": 0.0674035452376552,
      "player_03_delta": 0.0291254001208082,
      "player_04_delta": 0.02462313689400496,
      "same_pitch_total": 41720,
      "same_pitch_wrong": 12987,
      "same_pitch_wrong_rate": 0.3112895493767977,
      "solo_tab_f1": 0.557685902934831,
      "worst_player_delta": 0.02462313689400496
    },
    {
      "ambiguous_top1": 0.6888204540571511,
      "ambiguous_top3": 0.99990450953711,
      "ci_lower": 0.03734592816696222,
      "ci_upper": 0.0493746359495335,
      "comp_tab_f1": 0.6457597020206184,
      "condition": "logistic",
      "delta": 0.04334201215397471,
      "macro_tab_f1": 0.6014332447777303,
      "micro_tab_f1": 0.6232425431269123,
      "onset_f1": 0.9187114382832027,
      "pitch_f1": 0.8959448911546635,
      "player_00_delta": 0.04857579121285269,
      "player_01_delta": 0.04575929493680019,
      "player_02_delta": 0.06768603477188155,
      "player_03_delta": 0.02871923189148579,
      "player_04_delta": 0.025969707956853324,
      "same_pitch_total": 41889,
      "same_pitch_wrong": 13035,
      "same_pitch_wrong_rate": 0.31117954594284897,
      "solo_tab_f1": 0.5571067875348422,
      "worst_player_delta": 0.025969707956853324
    }
  ],
  "confirmation_cache_stats": [
    {
      "cache_bytes": 51119275,
      "checkpoint": "guitar_gaps",
      "inference_wall_s": 823.3578908999999,
      "new_tracks": 0,
      "source_duration_s": 1828.0726984159992,
      "tracks": 60
    },
    {
      "cache_bytes": 61505048,
      "checkpoint": "guitar_fl",
      "inference_wall_s": 788.5760026999998,
      "new_tracks": 0,
      "source_duration_s": 1828.0726984159992,
      "tracks": 60
    }
  ],
  "confirmation_models": {
    "combiner": {
      "mean": [
        0.5703067202804928,
        0.8320091098876867,
        0.15066148223767142,
        0.7861962381592196,
        0.45076614343293375,
        0.656047516198704,
        0.0,
        0.19721922246220303,
        0.26967130724154453,
        0.16062203554545185,
        0.7166017239861046
      ],
      "scale": [
        0.1615755195855065,
        0.22285387175796084,
        0.1273870124926653,
        0.006782430401772943,
        0.08129692080482535,
        0.4750254442534469,
        1.0,
        0.3978992344219604,
        0.11147251877238164,
        0.19495230160825003,
        0.15459608565741856
      ],