condition,ambiguous_top1,ambiguous_top3,delta_vs_best_previous,same_pitch_wrong_rate
production_prior,0.6548291109318947,0.996746294390834,-0.007230456909257721,0.34517088906810534
best_previous_contextual_timbral,0.6620595678411524,0.9998053338524431,0.0,0.3379404321588476
direct_per_string_only,0.4947857281904391,0.9993603826580272,-0.1672738396507133,0.5052142718095609
direct_per_string_plus_oof_position,0.5920353736199561,0.999833143302094,-0.07002419422119632,0.40796462638004394
