budget_s_per_clip,clips,reviewed_notes,accepted_corrections,residual_wrong_positions,wrong_position_reduction,correction_precision,correction_recall,macro_tab_f1,solo_macro_tab_f1,comp_macro_tab_f1,corrections_per_minute,notes_changed_per_accepted_action,undo_rate,wrong_propagation_rate,pitch_changes
0,300,0,0,12412,0.0,0.0,0.0,0.5580912326237556,0.5460171518325516,0.5701653134149596,0.0,0.0,0.0,0.0,0
10,300,1500,854,11558,0.06880438285530133,0.5693333333333334,0.06880438285530133,0.581184633011426,0.5781579259333156,0.5842113400895363,17.08,1.0,0.0,0.0,0
30,300,4500,2573,9839,0.2072993876893329,0.5717777777777778,0.2072993876893329,0.6280998235269621,0.6457113394479786,0.6104883076059455,17.153333333333332,1.0,0.0,0.0,0
60,300,8999,4811,7601,0.38760876571060265,0.5346149572174687,0.38760876571060265,0.6872648845653729,0.7308520695204999,0.643677699610246,16.036666666666665,1.0,0.0,0.0,0
