player,examples,phase4_best_accuracy,direct_accuracy,combined_accuracy,combined_delta_vs_phase4,direct_top3,combined_top3,model_sha256
00,7947,0.6136907008934189,0.5009437523593809,0.5548005536680508,-0.05889014722536812,0.9991191644645778,1.0,4659931d1006d5952211970c6669763fedfeec273a18f2fd80316f2331d0a3dd
01,8560,0.6417056074766355,0.48574766355140186,0.569626168224299,-0.07207943925233651,0.9989485981308411,0.9996495327102803,a1524bc7668dbb691ca364baf08e3831b1caea7e5fd908eb1581d867ae998b51
02,5671,0.6732498677481925,0.5399400458472933,0.635866690178099,-0.03738317757009346,1.0,1.0,dca777792743fb5d8428e05644009f089133f6e6f9f9d88e497cd38f7ae5e54f
03,7053,0.6960158797674748,0.48334042251524173,0.6045654331490146,-0.09145044661846025,0.9990075145328229,0.9995746490854955,8a1a85f561794120adb3aca4d26c52d2af064ddcae716b7b64f534b6a76e50ea
04,6728,0.7000594530321046,0.47294887039239003,0.6144470868014269,-0.0856123662306777,1.0,1.0,1992dbc9598ac611466c87d41dbd03ee296c34f2ed4e24a650d01ba67093eabf
