pair,examples,higher_string_fraction,position_prior_accuracy,audio_pair_accuracy
0-1,5283,0.8690138179064926,0.8822638652280901,0.8391065682377437
1-2,10917,0.7748465695703948,0.8439131629568563,0.854721993221581
2-3,15642,0.6426288198440098,0.7477304692494566,0.774389464262882
3-4,15646,0.5183433465422472,0.6668797136648345,0.6854148025054327
4-5,9254,0.43818889129025285,0.6754916792738276,0.810352280095094
