condition,macro_tab_f1,solo_tab_f1,comp_tab_f1,micro_tab_f1,onset_f1,pitch_f1,ambiguous_top1,ambiguous_top3,same_pitch_wrong,same_pitch_total,same_pitch_wrong_rate,delta,ci_lower,ci_upper,worst_player_delta
baseline,0.6125773120656742,0.541792296846125,0.6833623272852234,0.6278948888247184,0.9320419654848837,0.9169067218659468,0.6809128630705394,0.9997233748271093,2307,7230,0.31908713692946056,0.0,0.0,0.0,0.0
confidence_winner,0.6339043250650567,0.550300017133188,0.7175086329969252,0.6641313742437339,0.9490712683787799,0.9403446276452372,0.6978851963746223,0.9997372914751084,2300,7613,0.3021148036253776,0.021327012999382514,0.01039890663879178,0.034182584049445554,0.021327012999382514
