condition,macro_tab_f1,micro_tab_f1,ambiguous_top1,ambiguous_top3,wrong_position_rate,clips,solo_macro_tab_f1,comp_macro_tab_f1
baseline,0.5580912326237556,0.5577408929269433,0.6659263619822327,0.9949159798779835,0.3340736380177673,300,0.5460171518325516,0.5701653134149596
segment,0.5585236729443702,0.557912499642486,0.6662206999892968,0.9949159798779835,0.3337793000107032,300,0.5469621550141367,0.5700851908746037
control_baseline,0.5619278351342244,0.5621645327053798,0.6721609761318634,0.9998126939955047,0.32783902386813657,300,0.5459253794632759,0.5779302908051728
context_baseline,0.561362775135513,0.5615734429073991,0.6712244461093867,0.9998126939955047,0.3287755538906133,300,0.5456264891611841,0.5770990611098419
context_segment,0.5617312341811415,0.56176411703578,0.6714920261158086,0.9998126939955047,0.3285079738841914,300,0.5463634072524411,0.5770990611098419
