condition,ambiguous_top1,ambiguous_top3,same_pitch_wrong_rate,delta_vs_production
production_prior,0.6548291109318947,0.996746294390834,0.34517088906810534,0.0
oof_position_prior,0.5972913596039935,0.999833143302094,0.4027086403960065,-0.057537751327901177
native_audio_only,0.6502961706387831,0.9995550488055841,0.3497038293612169,-0.004532940293111576
oof_position_plus_native_audio,0.6620595678411524,0.9998053338524431,0.3379404321588476,0.007230456909257721
