player,examples,baseline_accuracy,position_accuracy,audio_accuracy,combined_accuracy,combined_delta
00,7947,0.6451491128727822,0.5516547124701145,0.6236315590788977,0.6136907008934189,-0.03145841197936328
01,8560,0.5939252336448598,0.5536214953271028,0.6602803738317757,0.6417056074766355,0.04778037383177569
02,5671,0.631281960853465,0.6540292717333803,0.6723681890319168,0.6732498677481925,0.041967906894727514
03,7053,0.723521905572097,0.6217212533673614,0.6660995321139941,0.6960158797674748,-0.027506025804622136
04,6728,0.6915873959571938,0.6333234244946492,0.6339179548156956,0.7000594530321046,0.008472057074910833
